<installation version="1.0">
    <info>
        <appname>WebScarab</appname>
        <appversion>!</appversion>
        <authors>
            <author email="rogan at dawes dot za dot net" name="Rogan Dawes"/>
        </authors>
        <url>http://owasp.org/development/webscarab</url>
    </info>
    <guiprefs height="480" resizable="no" width="640"/>
    <locale>
        <langpack iso3="eng"/>
    </locale>
    <resources>
        <res id="Installer.image" src="webscarab_logo.gif"/>
        <res id="LicencePanel.licence" src="LICENSE"/>
        <res id="InfoPanel.info" src="README"/>
        <res id="shortcutSpec.xml" src="installer/shortcutSpec.xml"/>
        <res id="useNativeLAF" src="installer/useNativeLAF"/>
    </resources>
    <panels>
        <panel classname="HelloPanel"/>
        <panel classname="InfoPanel"/>
        <panel classname="LicencePanel"/>
        <panel classname="TargetPanel"/>
        <panel classname="PacksPanel"/>
        <panel classname="InstallPanel"/>
        <panel classname="ShortcutPanel"/>
        <panel classname="FinishPanel"/>
    </panels>
    <native type="izpack" name="ShellLink.dll"/>
    <packs>
        <pack name="Base" required="yes">
            <description>The base files</description>
            <singlefile src="README" target="$INSTALL_PATH/README.txt"/>
            <singlefile src="LICENSE" target="$INSTALL_PATH/LICENSE.txt"/>
            <singlefile src="ChangeLog" target="$INSTALL_PATH/ChangeLog.txt"/>
            <file src="webscarab.jar" targetdir="$INSTALL_PATH"/>
            <fileset dir="lib" targetdir="$INSTALL_PATH/libs/" />
            <file src="doc/WebScarab-Howto.txt" targetdir="$INSTALL_PATH/doc/"/>
            <fileset dir="scripts" targetdir="$INSTALL_PATH/scripts/">
                <exclude name="**/CVS/*"/>
                <exclude name="**/*~"/>
            </fileset>
        </pack>
        <pack name="Docs" required="no" preselected="no">
            <description>The documentation</description>
            <fileset dir="doc" targetdir="$INSTALL_PATH/doc/">
                <exclude name="**/CVS/*"/>
            </fileset>
        </pack>
        <pack name="Sources" required="no" preselected="no">
            <description>The sources</description>
            <singlefile src="build.xml" target="$INSTALL_PATH/build.xml"/>
            <file src="server.p12" targetdir="$INSTALL_PATH"/>
            <fileset dir="src" targetdir="$INSTALL_PATH/src/">
                <exclude name="**/*.class"/>
                <exclude name="**/*~"/>
                <exclude name="**/.*"/>
            </fileset>
        </pack>
    </packs>
</installation>
