<?xml version="1.0" encoding="UTF-8" ?>
<!DOCTYPE log4j:configuration SYSTEM "log4j.dtd">

<log4j:configuration xmlns:log4j="http://jakarta.apache.org/log4j/">

 <appender name="util" class="org.apache.log4j.FileAppender">
        <param name="File" value="js.log" />
        <param name="Append" value="true" />
        <layout class="org.apache.log4j.PatternLayout">
            <param name="ConversionPattern" value="%d %t %-5p %c{2} - %m%n"/>
        </layout>
 </appender>

  <root>
    <priority value ="debug" />
    <appender-ref ref="util" />
  </root>

</log4j:configuration>